Keyword,Search Volume,Rank Position,URL,Competition,CPC USD
1 1/4 x 3/4,5400,4,https://pexuniverse.com/matco-norca-1-1-4-x-1-x-3-4-black-reducing-tee,0,0.8799999952316284
3/4 pressure relief valve,3600,3,https://pexuniverse.com/3-4-in-lf-brass-pressure-relief-valve-100-psi,1,1.149999976158142
"3/4"" pressure relief valve",3600,3,https://pexuniverse.com/3-4-in-lf-brass-pressure-relief-valve-100-psi,1,1.149999976158142
"1"" plastic pipe",2900,3,https://pexuniverse.com/1-inch-x-1ft-pvc-pipe-sch-40,1,0.3199999928474426
1/4 compression t fitting,1900,3,https://pexuniverse.com/1-4-x-1-4-x-1-4-od-compression-tee-lead-free,1,0.5600000023841858
"1"" pex tubing",1600,5,https://pexuniverse.com/npb1001-1-x-100ft-plumbing-pex-tubing,1,0.9399999976158142
2 ball valve,1600,2,https://pexuniverse.com/2-threaded-brass-ball-valve,1,3.430000066757202
2 in ball valves,1600,2,https://pexuniverse.com/2-threaded-brass-ball-valve,1,3.430000066757202
"2"" pvc trap",1600,4,https://pexuniverse.com/spears-p706x-020-pvc-dwv-2-p-trap,1,0.8399999737739563
1-1/2 pvc trap adapter,1300,2,https://pexuniverse.com/spears-p103-015-pvc-dwv-1-1-2-trap-adapter-w-plastic-nut,1,0.5899999737739563
1 2 pex fittings,1000,6,https://pexuniverse.com/1-2-x-1-2-pex-coupling,1,1.190000057220459
1/2 inch pipe,880,2,https://pexuniverse.com/1-2-inch-x-10ft-black-steel-pipe,0.6600000262260437,0.5199999809265137
"1/2"" black pipe",880,2,https://pexuniverse.com/1-2-inch-x-10ft-black-steel-pipe,1,0.7599999904632568
3 4 brass nipple,880,2,https://pexuniverse.com/3-4-x-24-brass-pipe-nipple,1,1.1100000143051147
3/4 flexible gas line,880,3,https://pexuniverse.com/pro-flex-pfarct-3475-csst-gas-pipe,1,1.0800000429153442
1 1/2 pex crimp tool,720,3,https://pexuniverse.com/2-pex-crimp-tool-kit,1,0.7599999904632568
1-1/2 pex crimp tool,720,3,https://pexuniverse.com/2-pex-crimp-tool-kit,1,0.7599999904632568
3 4 pex connectors,720,2,https://pexuniverse.com/3-4-x-3-4-pex-coupling,1,1.2799999713897705
3 4 pex pipe fittings,720,1,https://pexuniverse.com/3-4-x-3-4-pex-coupling,1,1.2799999713897705
3/4 pex fittings,720,4,https://pexuniverse.com/3-4-x-3-4-pex-coupling,1,1.2799999713897705
3/4 steel pipe,720,3,https://pexuniverse.com/3-4-inch-x-10ft-black-steel-pipe,1,0.5400000214576721
3/4 x 1/2 x 3/4 tee,720,2,https://pexuniverse.com/3-4-x-3-4-x-1-2-brass-tee-lead-free,1,2.1600000858306885
3/4 x 3/4 x 1/2 tee,720,2,https://pexuniverse.com/3-4-x-3-4-x-1-2-brass-tee-lead-free,1,2.1600000858306885
1/2 type l copper tubing,590,3,https://pexuniverse.com/1-2-inch-x-10ft-copper-pipe-type-l,1,0.7099999785423279
2 p trap pvc,590,4,https://pexuniverse.com/spears-p706x-020-pvc-dwv-2-p-trap,1,1.149999976158142
2 pvc p-trap,590,2,https://pexuniverse.com/spears-p706x-020-pvc-dwv-2-p-trap,1,1.149999976158142
"2"" pvc p trap",590,2,https://pexuniverse.com/spears-p706x-020-pvc-dwv-2-p-trap,1,1.149999976158142
3 4 gas pressure regulator,590,3,https://pexuniverse.com/maxitrol-325-5lv-3-4-inch-gas-line-pressure-regulator,1,2.369999885559082
3-way valve for water,590,4,https://pexuniverse.com/3-way-ball-valves,0.9900000095367432,0.8799999952316284
1 1/2 pex tee,480,2,https://pexuniverse.com/1-2-x-1-2-x-1-2-pex-tee,1,0.8100000023841858
1 2 copper tee,480,2,https://pexuniverse.com/1-2-copper-tee,1,0.8799999952316284
1 2 pex od,480,3,https://pexuniverse.com/pex-tubing-technical-specs,0.07000000029802322,0.3499999940395355
1 2 pex outside diameter,480,3,https://pexuniverse.com/pex-tubing-technical-specs,0.07000000029802322,0.3499999940395355
1 2 pex rings,480,2,https://pexuniverse.com/sioux-chief-1-2-pex-copper-crimp-rings-649x2,1,1.1699999570846558
1/2 copper caps,480,2,https://pexuniverse.com/1-2-copper-cap,1,0.6200000047683716
1/2 copper tee,480,2,https://pexuniverse.com/1-2-copper-tee,1,0.8799999952316284
1/2 pex od,480,3,https://pexuniverse.com/pex-tubing-technical-specs,0.07000000029802322,0.3499999940395355
1/2 pex outside diameter,480,3,https://pexuniverse.com/pex-tubing-technical-specs,0.07000000029802322,0.3499999940395355
1/2 pex rings,480,2,https://pexuniverse.com/sioux-chief-1-2-pex-copper-crimp-rings-649x2,1,1.1699999570846558
1/2 pex tee,480,2,https://pexuniverse.com/1-2-x-1-2-x-1-2-pex-tee,1,0.8100000023841858
"1/2"" copper tee",480,2,https://pexuniverse.com/1-2-copper-tee,1,0.8799999952316284
"1/2"" pex od",480,3,https://pexuniverse.com/pex-tubing-technical-specs,0.07000000029802322,0.3499999940395355
"1/2"" pex ring",480,2,https://pexuniverse.com/sioux-chief-1-2-pex-copper-crimp-rings-649x2,1,1.1699999570846558
"1/2"" pex rings",480,2,https://pexuniverse.com/sioux-chief-1-2-pex-copper-crimp-rings-649x2,1,1.1699999570846558
"1/2"" pex tee",480,2,https://pexuniverse.com/1-2-x-1-2-x-1-2-pex-tee,1,0.8100000023841858
3 4 ball valve sweat,480,2,https://pexuniverse.com/3-4-sweat-solder-brass-ball-valve,1,1.0800000429153442
3 8 pex fittings,480,1,https://pexuniverse.com/3-8-x-3-8-pex-coupling,1,0.8899999856948853
3/4 pex coupling,480,3,https://pexuniverse.com/3-4-x-3-4-pex-coupling,1,0.8799999952316284
"3/4"" pex coupling",480,3,https://pexuniverse.com/3-4-x-3-4-pex-coupling,1,0.8799999952316284
3/8 pex fittings,480,1,https://pexuniverse.com/3-8-x-3-8-pex-coupling,1,0.8899999856948853
1 2 pex crimp ring,390,2,https://pexuniverse.com/sioux-chief-1-2-pex-copper-crimp-rings-649x2,1,0.6800000071525574
1 2 pex crimp rings,390,3,https://pexuniverse.com/sioux-chief-1-2-pex-copper-crimp-rings-649x2,1,0.6800000071525574
1 pex crimp,390,4,https://pexuniverse.com/pex-crimp-tools,1,0.8999999761581421
1 pex crimper,390,2,https://pexuniverse.com/pex-crimp-tools,1,0.8999999761581421
1 pex crimpers,390,2,https://pexuniverse.com/pex-crimp-tools,1,0.8999999761581421
1 water pressure reducing valve,390,2,https://pexuniverse.com/water-pressure-reducing-valves,1,1.2300000190734863
1/2 gas pressure regulator,390,4,https://pexuniverse.com/maxitrol-325-3lv-1-2-inch-gas-line-pressure-regulator,1,2.569999933242798
1/2 inch pex fittings,390,1,https://pexuniverse.com/pex-fittings,1,1.7300000190734863
1/2 pex crimp rings,390,3,https://pexuniverse.com/sioux-chief-1-2-pex-copper-crimp-rings-649x2,1,0.6800000071525574
"1/2"" pex crimp rings",390,3,https://pexuniverse.com/sioux-chief-1-2-pex-copper-crimp-rings-649x2,1,0.6800000071525574
2 inch p-trap pvc,390,5,https://pexuniverse.com/spears-p706x-020-pvc-dwv-2-p-trap,1,1.600000023841858
2 inch pvc p trap,390,2,https://pexuniverse.com/spears-p706x-020-pvc-dwv-2-p-trap,1,1.600000023841858
2 inch pvc p-trap,390,2,https://pexuniverse.com/spears-p706x-020-pvc-dwv-2-p-trap,1,1.600000023841858
2-inch p-trap pvc,390,5,https://pexuniverse.com/spears-p706x-020-pvc-dwv-2-p-trap,1,1.600000023841858
2-inch pvc p-trap,390,2,https://pexuniverse.com/spears-p706x-020-pvc-dwv-2-p-trap,1,1.600000023841858
283/2,390,1,https://pexuniverse.com/liberty-283-2-submersible-effluent-pump,0,
297/2,390,1,https://pexuniverse.com/liberty-pumps-297-2-effluent-sump-pump,0,
3 4 copper pipe 10 ft,390,3,https://pexuniverse.com/3-4-inch-x-10ft-copper-pipe-type-m,0.9900000095367432,0.3700000047683716
3 4 pex 90,390,3,https://pexuniverse.com/3-4-x-3-4-pex-elbow,1,3.8600001335144043
3/4 pex 90,390,2,https://pexuniverse.com/3-4-x-3-4-pex-elbow,1,3.8600001335144043
3/4 pex crimp,390,2,https://pexuniverse.com/sioux-chief-3-4-pex-copper-crimp-rings-649x3,1,0.699999988079071
"3/4"" pex 90",390,2,https://pexuniverse.com/3-4-x-3-4-pex-elbow,1,3.8600001335144043
3/8 flare nut,390,5,https://pexuniverse.com/3-8-brass-flare-nut,1,0.699999988079071
1 1 4 union,320,2,https://pexuniverse.com/1-1-4-brass-union-lead-free,1,2.049999952316284
1 1/4 union,320,2,https://pexuniverse.com/1-1-4-brass-union-lead-free,1,2.049999952316284
1 2 brass tee,320,5,https://pexuniverse.com/1-2-brass-tee-lead-free,0.9900000095367432,1.1100000143051147
1 2 sweat ball valve,320,2,https://pexuniverse.com/1-2-pex-1-2-sweat-brass-ball-valve,1,2.059999942779541
1 4 flare fitting,320,6,https://pexuniverse.com/1-4-flare-x-1-4-mnpt-brass-adapter,1,0.7799999713897705
1 inch pex fittings,320,4,https://pexuniverse.com/pex-fittings,1,0.9900000095367432
1 pex fittings,320,1,https://pexuniverse.com/pex-fittings,1,0.8600000143051147
1 x 1 x 3/4 tee,320,2,https://pexuniverse.com/1-x-1-x-3-4-brass-tee-lead-free,1,1.4600000381469727
"1"" pex fittings",320,1,https://pexuniverse.com/pex-fittings,1,0.8600000143051147
1-1/4 union,320,2,https://pexuniverse.com/1-1-4-brass-union-lead-free,1,2.049999952316284
1/2 brass tee,320,3,https://pexuniverse.com/1-2-brass-tee-lead-free,0.9900000095367432,1.1100000143051147
1/2 copper pipe 10 ft,320,4,https://pexuniverse.com/1-2-inch-x-10ft-copper-pipe-type-l,1,0.3100000023841858
1/2 inch black pipe,320,3,https://pexuniverse.com/1-2-inch-x-10ft-black-steel-pipe,1,0.6399999856948853
1/2 sweat ball valve,320,3,https://pexuniverse.com/1-2-pex-1-2-sweat-brass-ball-valve,1,2.059999942779541
1/2 to 3/8 compression adapter,320,2,https://pexuniverse.com/3-8-od-x-1-2-mpt-compression-adapter-lead-free,1,0.5199999809265137
"1/2"" brass tee",320,3,https://pexuniverse.com/1-2-brass-tee-lead-free,0.9900000095367432,1.1100000143051147
"1/2"" sweat ball valve",320,2,https://pexuniverse.com/1-2-pex-1-2-sweat-brass-ball-valve,1,2.059999942779541
1/4 flare fitting,320,5,https://pexuniverse.com/1-4-flare-x-1-4-mnpt-brass-adapter,1,0.7799999713897705
293/2,320,1,https://pexuniverse.com/liberty-pumps-293-2-effluent-sump-pump,0,
3 4 in pressure relief valve,320,3,https://pexuniverse.com/3-4-in-lf-brass-pressure-relief-valve-100-psi,1,1.1399999856948853
3 4 pex rings,320,5,https://pexuniverse.com/sioux-chief-3-4-pex-copper-crimp-rings-649x3,1,1.2000000476837158
3 8 compression valve,320,6,https://pexuniverse.com/3-8-od-compression-straight-stop-valve,1,0.5600000023841858
3 offset toilet flange,320,4,https://pexuniverse.com/sioux-chief-889-45pm,1,0.5
"3"" offset closet flange",320,2,https://pexuniverse.com/sioux-chief-889-45pm,1,0.5
"3"" offset toilet flange",320,3,https://pexuniverse.com/sioux-chief-889-45pm,1,0.5
3/4 pex crimp rings,320,3,https://pexuniverse.com/sioux-chief-3-4-pex-copper-crimp-rings-649x3,1,0.5
3/4 pex ring,320,3,https://pexuniverse.com/sioux-chief-3-4-pex-copper-crimp-rings-649x3,1,1.2000000476837158
3/4 pex rings,320,4,https://pexuniverse.com/sioux-chief-3-4-pex-copper-crimp-rings-649x3,1,1.2000000476837158
3/4 relief valve,320,3,https://pexuniverse.com/3-4-in-lf-brass-pressure-relief-valve-100-psi,1,1.1399999856948853
3/4 safety relief valve,320,4,https://pexuniverse.com/3-4-in-lf-brass-pressure-relief-valve-100-psi,1,1.1399999856948853
3/4 x 3/4 x 1/2 pex tee,320,2,https://pexuniverse.com/3-4-x-3-4-x-1-2-reducing-pex-tee,1,1.5799999237060547
3/8 compression valve,320,5,https://pexuniverse.com/3-8-od-compression-straight-stop-valve,1,0.5600000023841858
3/8 to 1/2 compression fitting,320,3,https://pexuniverse.com/3-8-od-x-1-2-sweat-compression-adapter-lead-free,1,0.5199999809265137
4 offset toilet flange,320,6,https://pexuniverse.com/sioux-chief-889-gpom-push-tite-offset-closet-flange,1,0.5699999928474426
"4"" offset closet flange",320,2,https://pexuniverse.com/sioux-chief-889-gpom-push-tite-offset-closet-flange,1,0.5699999928474426
1 1 4 brass tee,260,3,https://pexuniverse.com/1-1-4-x-1-1-4-x-1-brass-tee-lead-free,1,0.9700000286102295
1 1/4 brass tee,260,3,https://pexuniverse.com/1-1-4-x-1-1-4-x-1-brass-tee-lead-free,1,0.9700000286102295
1 2 drop ear elbow,260,4,https://pexuniverse.com/pex-drop-ear-elbows,1,0.6100000143051147
1 2 oxygen barrier pex,260,2,https://pexuniverse.com/1-2-oxygen-barrier-pex-tubing,1,4.800000190734863
1 2 pex male adapter,260,2,https://pexuniverse.com/pex-male-threaded-adapters,1,1.9500000476837158
1 2 pex oxygen barrier,260,2,https://pexuniverse.com/1-2-oxygen-barrier-pex-tubing,1,4.800000190734863
1 pex crimp tool,260,3,https://pexuniverse.com/pex-crimp-tools,1,0.8199999928474426
1 pex crimping tool,260,2,https://pexuniverse.com/pex-crimp-tools,1,0.8199999928474426
"1"" pex crimp tool",260,3,https://pexuniverse.com/pex-crimp-tools,1,0.8199999928474426
1-1/4 brass tee,260,3,https://pexuniverse.com/1-1-4-x-1-1-4-x-1-brass-tee-lead-free,1,0.9700000286102295
"1/2 ""oxygen barrier pex",260,1,https://pexuniverse.com/1-2-oxygen-barrier-pex-tubing,1,4.800000190734863
1/2 45 degree elbow,260,2,https://pexuniverse.com/spears-817-005-sch-80-pvc-45-elbow,1,0.4699999988079071
1/2 drop ear elbow,260,4,https://pexuniverse.com/pex-drop-ear-elbows,1,0.6100000143051147
1/2 oxygen barrier pex,260,1,https://pexuniverse.com/1-2-oxygen-barrier-pex-tubing,1,4.800000190734863
1/2 pex male adapter,260,2,https://pexuniverse.com/pex-male-threaded-adapters,1,1.9500000476837158
"1/2"" drop ear elbow",260,4,https://pexuniverse.com/pex-drop-ear-elbows,1,0.6100000143051147
"1/2"" oxygen barrier pex",260,1,https://pexuniverse.com/1-2-oxygen-barrier-pex-tubing,1,4.800000190734863
2 inch foam pipe insulation,260,3,https://pexuniverse.com/2-id-x-1-2-wall-self-seal-pipe-insulation,0.9900000095367432,0.6600000262260437
3 4 1 2 tee,260,4,https://pexuniverse.com/3-4-x-3-4-x-1-2-brass-tee-lead-free,0.9900000095367432,0.8500000238418579
3 4 pex od,260,3,https://pexuniverse.com/pex-tubing-technical-specs,0.15000000596046448,2.309999942779541
3 4 pex outside diameter,260,2,https://pexuniverse.com/pex-tubing-technical-specs,0.15000000596046448,2.309999942779541
3 4 pex to pvc adapter,260,5,https://pexuniverse.com/pex-x-pvc-cpvc-adapters,1,1
3 4 to 1 2 tee,260,3,https://pexuniverse.com/3-4-x-3-4-x-1-2-brass-tee-lead-free,0.9900000095367432,0.8500000238418579
3/4 1/2 tee,260,3,https://pexuniverse.com/3-4-x-3-4-x-1-2-brass-tee-lead-free,0.9900000095367432,0.8500000238418579
3/4 3/4 1/2 tee,260,2,https://pexuniverse.com/3-4-x-3-4-x-1-2-brass-tee-lead-free,0.9900000095367432,0.8500000238418579
3/4 pex clamps,260,2,https://pexuniverse.com/oetiker-3-4-pex-grip-cinch-clamps-non-slip-16707955,1,0.7599999904632568
3/4 pex elbow,260,3,https://pexuniverse.com/3-4-x-3-4-pex-elbow,1,1.0499999523162842
3/4 pex manifold,260,2,https://pexuniverse.com/pex-crimp-copper-manifolds,1,0.8999999761581421
3/4 pex od,260,3,https://pexuniverse.com/pex-tubing-technical-specs,0.15000000596046448,2.309999942779541
3/4 pex outside diameter,260,2,https://pexuniverse.com/pex-tubing-technical-specs,0.15000000596046448,2.309999942779541
3/4 pex to pvc adapter,260,5,https://pexuniverse.com/pex-x-pvc-cpvc-adapters,1,1
3/4 to 1/2 tee,260,3,https://pexuniverse.com/3-4-x-3-4-x-1-2-brass-tee-lead-free,0.9900000095367432,0.8500000238418579
"3/4"" pex od",260,3,https://pexuniverse.com/pex-tubing-technical-specs,0.15000000596046448,2.309999942779541
3/8 to 3/8 shut off valve,260,3,https://pexuniverse.com/3-8-od-compression-straight-stop-valve,1,0.27000001072883606
417 / 3,260,1,https://pexuniverse.com/taco-417-3-coin-vent,0,
417/3,260,1,https://pexuniverse.com/taco-417-3-coin-vent,0,
1 1 2 no hub coupling,210,2,https://pexuniverse.com/mission-t150-specialty-coupling,1,1.059999942779541
1 1/2 no hub coupling,210,2,https://pexuniverse.com/mission-t150-specialty-coupling,1,1.059999942779541
1 1/2 no-hub coupling,210,2,https://pexuniverse.com/mission-t150-specialty-coupling,1,1.059999942779541
1 1/2 threaded ball valve,210,2,https://pexuniverse.com/1-1-2-npt-threaded-brass-ball-valve-full-port-lead-free-brass,1,1.5699999332427979
"1 1/2"" no hub coupling",210,2,https://pexuniverse.com/mission-t150-specialty-coupling,1,1.059999942779541
1 2 gas ball valve,210,3,https://pexuniverse.com/1-2-gas-brass-ball-valve,1,1.0700000524520874
1 2 pex elbow,210,2,https://pexuniverse.com/1-2-x-1-2-polyalloy-pex-elbow,1,1.1100000143051147
1 2 pex manifold with valves,210,2,https://pexuniverse.com/pex-crimp-copper-manifolds,1,0.9200000166893005
1 2 pipe strap,210,3,https://pexuniverse.com/1-2-galvanized-pipe-strap,0.9900000095367432,1.8700000047683716
1 csst gas line,210,3,https://pexuniverse.com/pro-flex-pfarct-0125-csst-gas-pipe,1,0.9700000286102295
1 flexible gas line,210,4,https://pexuniverse.com/pro-flex-pfarct-0125-csst-gas-pipe,1,0.9900000095367432
1 gas regulator,210,4,https://pexuniverse.com/maxitrol-325-5lv-1-inch-gas-line-pressure-regulator,1,4.679999828338623
1 inch csst gas line,210,4,https://pexuniverse.com/pro-flex-pfarct-0125-csst-gas-pipe,1,0.9700000286102295
"1"" csst gas line",210,3,https://pexuniverse.com/pro-flex-pfarct-0125-csst-gas-pipe,1,0.9700000286102295
"1"" flex gas line",210,4,https://pexuniverse.com/pro-flex-pfarct-0125-csst-gas-pipe,1,0.9900000095367432
"1"" flexible gas line",210,4,https://pexuniverse.com/pro-flex-pfarct-0125-csst-gas-pipe,1,0.9900000095367432
"1"" gas regulator",210,4,https://pexuniverse.com/maxitrol-325-5lv-1-inch-gas-line-pressure-regulator,1,4.679999828338623
1-1/2 inch gas line,210,3,https://pexuniverse.com/1-1-2-x-500ft-yellow-pe-gas-pipe,0.9800000190734863,0.49000000953674316
1-1/2 no hub coupling,210,2,https://pexuniverse.com/mission-t150-specialty-coupling,1,1.059999942779541
1-1/2 no-hub coupling,210,2,https://pexuniverse.com/mission-t150-specialty-coupling,1,1.059999942779541
1-1/2 threaded ball valve,210,2,https://pexuniverse.com/1-1-2-npt-threaded-brass-ball-valve-full-port-lead-free-brass,1,1.5699999332427979
1-1/2: no hub coupling,210,2,https://pexuniverse.com/mission-t150-specialty-coupling,1,1.059999942779541
1/2 gas ball valve,210,2,https://pexuniverse.com/1-2-gas-brass-ball-valve,1,1.0700000524520874
1/2 in brass nipple,210,2,https://pexuniverse.com/1-2-x-16-brass-pipe-nipple,1,0.8299999833106995
1/2 inch brass nipple,210,2,https://pexuniverse.com/1-2-x-16-brass-pipe-nipple,1,0.8299999833106995
1/2 pex elbow,210,2,https://pexuniverse.com/1-2-x-1-2-polyalloy-pex-elbow,1,1.1100000143051147
1/2 pex manifold with valves,210,3,https://pexuniverse.com/pex-crimp-copper-manifolds,1,0.9200000166893005
1/2 pipe strap,210,3,https://pexuniverse.com/1-2-galvanized-pipe-strap,0.9900000095367432,1.8700000047683716
1/2 x 2 1/2 brass nipple,210,2,https://pexuniverse.com/2-x-2-1-2-brass-pipe-nipple,1,1.5399999618530273
"1/2 x 2 1/2""brass nipple",210,2,https://pexuniverse.com/2-x-2-1-2-brass-pipe-nipple,1,1.5399999618530273
1/2 x 2-1/2 brass nipple,210,2,https://pexuniverse.com/2-x-2-1-2-brass-pipe-nipple,1,1.5399999618530273
"1/2"" gas ball valve",210,2,https://pexuniverse.com/1-2-gas-brass-ball-valve,1,1.0700000524520874
"1/2"" pex elbow",210,2,https://pexuniverse.com/1-2-x-1-2-polyalloy-pex-elbow,1,1.1100000143051147
"1/2"" pipe strap",210,3,https://pexuniverse.com/1-2-galvanized-pipe-strap,0.9900000095367432,1.8700000047683716
100 000 btu unit heater,210,2,https://pexuniverse.com/modine-hd100-gas-unit-heater,1,1.9100000858306885
2 inch no hub coupling,210,2,https://pexuniverse.com/2-no-hub-coupling-nsf,1,0.5600000023841858
2 inch no-hub coupling,210,2,https://pexuniverse.com/2-no-hub-coupling-nsf,1,0.5600000023841858
3 4 brass pipe,210,2,https://pexuniverse.com/3-4-x-18-brass-pipe-nipple,1,1.6299999952316284
3 4 csst gas line,210,2,https://pexuniverse.com/pro-flex-pfarct-3475-csst-gas-pipe,1,0.7699999809265137
3 4 oxygen barrier pex,210,1,https://pexuniverse.com/3-4-oxygen-barrier-pex-tubing,1,2.5299999713897705
3 4 zone valve,210,3,https://pexuniverse.com/honeywell-v8043e1012-zone-valve-3-4-sweat,1,1.5499999523162842
"3"" rubber coupling",210,3,https://pexuniverse.com/matco-norca-3-flexible-rubber-coupling,0.9800000190734863,0.4699999988079071
3/4 brass pipe,210,2,https://pexuniverse.com/3-4-x-18-brass-pipe-nipple,1,1.6299999952316284
3/4 copper to pex adapter,210,6,https://pexuniverse.com/pex-copper-fitting-adapters,1,0.7300000190734863
3/4 drop ear elbow,210,3,https://pexuniverse.com/3-4-fpt-x-3-4-c-cast-brass-drop-ear-elbow-lead-free-brass,1,0.8899999856948853
3/4 honeywell zone valve,210,2,https://pexuniverse.com/honeywell-v8043e1012-zone-valve-3-4-sweat,1,0.8999999761581421
3/4 od copper pipe,210,2,https://pexuniverse.com/3-4-inch-x-3ft-copper-pipe-type-l,1,1
3/4 oxygen barrier pex,210,2,https://pexuniverse.com/3-4-oxygen-barrier-pex-tubing,1,2.5299999713897705
3/4 pex oxygen barrier,210,1,https://pexuniverse.com/3-4-oxygen-barrier-pex-tubing,1,2.5299999713897705
3/4 zone valve,210,3,https://pexuniverse.com/honeywell-v8043e1012-zone-valve-3-4-sweat,1,1.5499999523162842
"3/4"" brass pipe",210,2,https://pexuniverse.com/3-4-x-18-brass-pipe-nipple,1,1.6299999952316284
"3/4"" oxygen barrier pex",210,1,https://pexuniverse.com/3-4-oxygen-barrier-pex-tubing,1,2.5299999713897705
4 pvc 45,210,6,https://pexuniverse.com/spears-427-040-sch-40-pvc-45-street-elbow,0.9599999785423279,2.2699999809265137
"4"" pvc 45",210,5,https://pexuniverse.com/spears-427-040-sch-40-pvc-45-street-elbow,0.9599999785423279,2.2699999809265137
5 8 pex fittings,210,2,https://pexuniverse.com/1-2-x-5-8-reducing-pex-coupling,1,0.9300000071525574
5/8 npt,210,5,https://pexuniverse.com/5-8-flare-x-1-2-mnpt-brass-adapter,0.4000000059604645,1.4600000381469727
