priority_rank,prospect_domain,priority_score,domain_rank,spam_score,competitor_count,links_to_competitors,backlinks,first_seen
1,bobvila.com,84.0,68,16,2,"pexsupply.com, supplyhouse.com",244,2024-04-03 11:19:06 +00:00
2,nachi.org,84.0,68,15,2,"pexsupply.com, supplyhouse.com",18,2019-12-09 00:50:00 +00:00
3,acciyo.com,83.0,66,0,2,"pexsupply.com, supplyhouse.com",24,2025-06-05 21:38:12 +00:00
4,backlinkwizards.info,68.0,36,30,2,"pexsupply.com, supplyhouse.com",1,2026-10-08 15:43:40 +00:00
5,bestfloridaseo.link,68.0,36,30,2,"pexsupply.com, supplyhouse.com",1,2026-10-06 09:03:07 +00:00
6,backlinkspace.link,68.0,36,30,2,"pexsupply.com, supplyhouse.com",1,2026-10-06 07:08:16 +00:00
7,backlinkspace.info,68.0,36,30,2,"pexsupply.com, supplyhouse.com",1,2026-10-04 18:54:13 +00:00
8,bestfloridaseo.com,68.0,36,30,2,"pexsupply.com, supplyhouse.com",1,2026-10-03 09:03:46 +00:00
9,theseobiz.info,67.5,35,30,2,"pexsupply.com, supplyhouse.com",1,2026-10-03 06:44:50 +00:00
10,pexsupply.blogspot.com,52.0,4,27,2,"pexsupply.com, supplyhouse.com",14870,2021-10-29 13:19:37 +00:00
11,fitzpatrickchapmank2.web.app,50.0,0,5,2,"pexsupply.com, supplyhouse.com",14,2025-10-01 06:03:43 +00:00
12,boilerchidoran.blogspot.com,50.0,0,25,2,"pexsupply.com, supplyhouse.com",144,2024-07-21 12:08:10 +00:00
